Date,Amazon,Apple,Facebook,Google
03-01-2017,753.669983,29.0375,116.860001,786.140015
04-01-2017,757.179993,29.004999,118.690002,786.900024
05-01-2017,780.450012,29.1525,120.669998,794.02002
06-01-2017,795.98999,29.477501,123.410004,806.150024
09-01-2017,796.919983,29.747499,124.900002,806.650024
10-01-2017,795.900024,29.7775,124.349998,804.789978
11-01-2017,799.02002,29.9375,126.089996,807.909973
12-01-2017,813.640015,29.8125,126.620003,806.359985
13-01-2017,817.140015,29.76,128.339996,807.880005
17-01-2017,809.719971,30,127.870003,804.609985
18-01-2017,807.47998,29.997499,127.919998,806.070007
19-01-2017,809.039978,29.945,127.550003,802.174988
20-01-2017,808.330017,30,127.040001,805.02002
23-01-2017,817.880005,30.02,128.929993,819.309998
24-01-2017,822.440002,29.9925,129.369995,823.869995
25-01-2017,836.52002,30.469999,131.479996,835.669983
26-01-2017,839.150024,30.485001,132.779999,832.150024
27-01-2017,835.77002,30.487499,132.179993,823.309998
30-01-2017,830.380005,30.407499,130.979996,802.320007
31-01-2017,823.47998,30.3375,130.320007,796.789978
01-02-2017,832.349976,32.1875,133.229996,795.695007
02-02-2017,839.950012,32.1325,130.839996,798.530029
03-02-2017,810.200012,32.27,130.979996,801.48999
06-02-2017,807.640015,32.572498,132.059998,801.340027
07-02-2017,812.5,32.8825,131.839996,806.969971
08-02-2017,819.710022,33.009998,134.199997,808.380005
09-02-2017,821.359985,33.105,134.139999,809.559998
10-02-2017,827.460022,33.029999,134.190002,813.669983
13-02-2017,836.530029,33.322498,134.050003,819.23999
14-02-2017,836.390015,33.755001,133.850006,820.450012
15-02-2017,842.700012,33.877499,133.440002,818.97998
16-02-2017,844.140015,33.837502,133.839996,824.159973
17-02-2017,845.070007,33.93,133.529999,828.070007
21-02-2017,856.440002,34.174999,133.720001,831.659973
22-02-2017,855.609985,34.2775,136.119995,830.76001
23-02-2017,852.190002,34.1325,135.360001,831.330017
24-02-2017,845.23999,34.165001,135.440002,828.640015
27-02-2017,848.640015,34.232498,136.410004,829.280029
28-02-2017,845.039978,34.247501,135.539993,823.210022
01-03-2017,853.080017,34.947498,137.419998,835.23999
02-03-2017,848.909973,34.740002,136.759995,830.630005
03-03-2017,849.880005,34.945,137.169998,829.080017
06-03-2017,846.609985,34.834999,137.419998,827.780029
07-03-2017,846.02002,34.880001,137.300003,831.909973
08-03-2017,850.5,34.75,137.720001,835.369995
09-03-2017,853,34.669998,138.240005,838.679993
10-03-2017,852.460022,34.785,138.789993,843.25
13-03-2017,854.590027,34.799999,139.600006,845.539978
14-03-2017,852.530029,34.747501,139.320007,845.619995
15-03-2017,852.969971,35.115002,139.720001,847.200012
16-03-2017,853.419983,35.172501,139.990005,848.780029
17-03-2017,852.309998,34.997501,139.839996,852.119995
20-03-2017,856.969971,35.365002,139.940002,848.400024
21-03-2017,843.200012,34.959999,138.509995,830.460022
22-03-2017,848.059998,35.355,139.589996,829.590027
23-03-2017,847.380005,35.23,139.529999,817.580017
24-03-2017,845.609985,35.16,140.339996,814.429993
27-03-2017,846.820007,35.220001,140.320007,819.51001
28-03-2017,856,35.950001,141.759995,820.919983
29-03-2017,874.320007,36.029999,142.649994,831.409973
30-03-2017,876.340027,35.982498,142.410004,831.5
31-03-2017,886.539978,35.915001,142.050003,829.559998
03-04-2017,891.51001,35.924999,142.279999,838.549988
04-04-2017,906.830017,36.192501,141.729996,834.570007
05-04-2017,909.280029,36.005001,141.850006,831.409973
06-04-2017,898.280029,35.915001,141.169998,827.880005
07-04-2017,894.880005,35.834999,140.779999,824.669983
10-04-2017,907.039978,35.7925,141.039993,824.72998
11-04-2017,902.359985,35.407501,139.919998,823.349976
12-04-2017,896.22998,35.450001,139.580002,824.320007
13-04-2017,884.669983,35.262501,139.389999,823.559998
17-04-2017,901.98999,35.4575,141.419998,837.169983
18-04-2017,903.780029,35.299999,140.960007,836.820007
19-04-2017,899.200012,35.169998,142.270004,838.210022
20-04-2017,902.059998,35.610001,143.800003,841.650024
21-04-2017,898.530029,35.567501,143.679993,843.190002
24-04-2017,907.409973,35.91,145.470001,862.76001
25-04-2017,907.619995,36.1325,146.490005,872.299988
26-04-2017,909.289978,35.919998,146.559998,871.72998
27-04-2017,918.380005,35.947498,147.699997,874.25
28-04-2017,924.98999,35.912498,150.25,905.960022
01-05-2017,948.22998,36.645,152.460007,912.570007
02-05-2017,946.940002,36.877499,152.779999,916.440002
03-05-2017,941.030029,36.764999,151.800003,927.039978
04-05-2017,937.530029,36.6325,150.850006,931.659973
05-05-2017,934.150024,37.240002,150.240005,927.130005
08-05-2017,949.039978,38.252499,151.059998,934.299988
09-05-2017,952.820007,38.497501,150.479996,932.169983
10-05-2017,948.950012,38.314999,150.289993,928.780029
11-05-2017,947.619995,38.487499,150.039993,930.599976
12-05-2017,961.349976,39.025002,150.330002,932.219971
15-05-2017,957.969971,38.924999,150.190002,937.080017
16-05-2017,966.070007,38.8675,149.779999,943
17-05-2017,944.76001,37.5625,144.850006,919.619995
18-05-2017,958.48999,38.134998,147.660004,930.23999
19-05-2017,959.840027,38.264999,148.059998,934.01001
22-05-2017,970.669983,38.497501,148.240005,941.859985
23-05-2017,971.539978,38.450001,148.070007,948.820007
24-05-2017,980.349976,38.334999,150.039993,954.960022
25-05-2017,993.380005,38.467499,151.960007,969.539978
26-05-2017,995.780029,38.4025,152.130005,971.469971
30-05-2017,996.700012,38.4175,152.380005,975.880005
31-05-2017,994.619995,38.189999,151.460007,964.859985
01-06-2017,995.950012,38.294998,151.529999,966.950012
02-06-2017,1006.72998,38.862499,153.610001,975.599976
05-06-2017,1011.340027,38.482498,153.630005,983.679993
06-06-2017,1003,38.612499,152.809998,976.570007
07-06-2017,1010.070007,38.842499,153.119995,980.940002
08-06-2017,1010.27002,38.747501,154.710007,983.409973
09-06-2017,978.309998,37.244999,149.600006,949.830017
12-06-2017,964.909973,36.355,148.440002,942.900024
13-06-2017,980.789978,36.647499,150.679993,953.400024
14-06-2017,976.469971,36.290001,150.25,950.76001
15-06-2017,964.169983,36.072498,149.800003,942.309998
16-06-2017,987.710022,35.567501,150.639999,939.780029
19-06-2017,995.169983,36.584999,152.869995,957.369995
20-06-2017,992.590027,36.252499,152.25,950.630005
21-06-2017,1002.22998,36.467499,153.910004,959.450012
22-06-2017,1001.299988,36.407501,153.399994,957.090027
23-06-2017,1003.73999,36.57,155.070007,965.590027
26-06-2017,993.97998,36.455002,153.589996,952.27002
27-06-2017,976.780029,35.932499,150.580002,927.330017
28-06-2017,990.330017,36.4575,153.240005,940.48999
29-06-2017,975.929993,35.919998,151.039993,917.789978
30-06-2017,968,36.005001,150.979996,908.72998
03-07-2017,953.659973,35.875,148.429993,898.700012
05-07-2017,971.400024,36.022499,150.339996,911.710022
06-07-2017,965.140015,35.682499,148.820007,906.690002
07-07-2017,978.76001,36.044998,151.440002,918.590027
10-07-2017,996.469971,36.264999,153.5,928.799988
11-07-2017,994.130005,36.3825,155.270004,930.090027
12-07-2017,1006.51001,36.435001,158.899994,943.830017
13-07-2017,1000.630005,36.942501,159.259995,947.159973
14-07-2017,1001.809998,37.259998,159.970001,955.98999
17-07-2017,1010.039978,37.389999,159.729996,953.419983
18-07-2017,1024.449951,37.52,162.860001,965.400024
19-07-2017,1026.869995,37.755001,164.139999,970.890015
20-07-2017,1028.699951,37.584999,164.529999,968.150024
21-07-2017,1025.670044,37.567501,164.429993,972.919983
24-07-2017,1038.949951,38.022499,166,980.340027
25-07-2017,1039.869995,38.185001,165.279999,950.700012
26-07-2017,1052.800049,38.365002,165.610001,947.799988
27-07-2017,1046,37.639999,170.440002,934.090027
28-07-2017,1020.039978,37.375,172.449997,941.530029
31-07-2017,987.780029,37.182499,169.25,930.5
01-08-2017,996.190002,37.512501,169.860001,930.830017
02-08-2017,995.890015,39.285,169.300003,930.390015
03-08-2017,986.919983,38.892502,168.589996,923.650024
04-08-2017,987.580017,39.0975,169.619995,927.960022
07-08-2017,992.27002,39.702499,171.979996,929.359985
08-08-2017,989.840027,40.02,171.229996,926.789978
09-08-2017,982.01001,40.264999,171.179993,922.900024
10-08-2017,956.919983,38.830002,167.399994,907.23999
11-08-2017,967.98999,39.369999,168.080002,914.390015
14-08-2017,983.299988,39.962502,170.75,922.669983
15-08-2017,982.73999,40.400002,171,922.219971
16-08-2017,978.179993,40.237499,170,926.960022
17-08-2017,960.570007,39.465,166.910004,910.97998
18-08-2017,958.469971,39.375,167.410004,910.669983
21-08-2017,953.289978,39.302502,167.779999,906.659973
22-08-2017,966.900024,39.945,169.639999,924.690002
23-08-2017,958,39.994999,168.710007,927
24-08-2017,952.450012,39.817501,167.740005,921.280029
25-08-2017,945.26001,39.965,166.320007,915.890015
28-08-2017,946.02002,40.3675,167.240005,913.809998
29-08-2017,954.059998,40.727501,168.050003,921.289978
30-08-2017,967.590027,40.837502,169.919998,929.570007
31-08-2017,980.599976,41,171.970001,939.330017
01-09-2017,978.25,41.012501,172.020004,937.340027
05-09-2017,965.27002,40.52,170.720001,928.450012
06-09-2017,967.799988,40.477501,172.089996,927.809998
07-09-2017,979.469971,40.314999,173.210007,935.950012
08-09-2017,965.900024,39.657501,170.949997,926.5
11-09-2017,977.960022,40.375,173.509995,929.080017
12-09-2017,982.580017,40.215,172.960007,932.070007
13-09-2017,999.599976,39.912498,173.050003,935.090027
14-09-2017,992.210022,39.57,170.960007,925.109985
15-09-2017,986.789978,39.970001,171.639999,920.289978
18-09-2017,974.190002,39.6675,170.009995,915
19-09-2017,969.859985,39.682499,172.520004,921.809998
20-09-2017,973.210022,39.017502,172.169998,931.580017
21-09-2017,964.650024,38.3475,171.110001,932.450012
22-09-2017,955.099976,37.9725,170.539993,928.530029
25-09-2017,939.789978,37.637501,162.869995,920.969971
26-09-2017,938.599976,38.285,164.210007,924.859985
27-09-2017,950.869995,38.557499,167.679993,944.48999
28-09-2017,956.400024,38.32,168.729996,949.5
29-09-2017,961.349976,38.529999,170.869995,959.109985
02-10-2017,959.190002,38.452499,169.470001,953.27002
03-10-2017,957.099976,38.619999,169.960007,957.789978
04-10-2017,965.450012,38.369999,168.419998,951.679993
05-10-2017,980.849976,38.8475,171.240005,969.960022
06-10-2017,989.580017,38.825001,172.229996,978.890015
09-10-2017,990.98999,38.959999,172.5,977
10-10-2017,987.200012,38.974998,171.589996,972.599976
11-10-2017,995,39.137501,172.740005,989.25
12-10-2017,1000.929993,39,172.550003,987.830017
13-10-2017,1002.940002,39.247501,173.740005,989.679993
16-10-2017,1006.340027,39.970001,174.520004,992
17-10-2017,1009.130005,40.1175,176.110001,992.179993
18-10-2017,997,39.939999,176.029999,992.809998
19-10-2017,986.609985,38.994999,174.559998,984.450012
20-10-2017,982.909973,39.0625,174.979996,988.200012
23-10-2017,966.299988,39.0425,171.270004,968.450012
24-10-2017,975.900024,39.275002,171.800003,970.539978
25-10-2017,972.909973,39.102501,170.600006,973.330017
26-10-2017,972.429993,39.352501,170.630005,972.559998
27-10-2017,1100.949951,40.762501,177.880005,1019.27002
30-10-2017,1110.849976,41.68,179.869995,1017.109985
31-10-2017,1105.280029,42.259998,180.059998,1016.640015
01-11-2017,1103.680054,41.7225,182.660004,1025.5
02-11-2017,1094.219971,42.0275,178.919998,1025.579956
03-11-2017,1111.599976,43.125,178.919998,1032.47998
06-11-2017,1120.660034,43.5625,180.169998,1025.900024
07-11-2017,1123.170044,43.702499,180.25,1033.329956
08-11-2017,1132.880005,44.060001,179.559998,1039.849976
09-11-2017,1129.130005,43.970001,179.300003,1031.26001
10-11-2017,1125.349976,43.6675,178.460007,1028.069946
13-11-2017,1129.170044,43.4925,178.770004,1025.75
14-11-2017,1136.839966,42.834999,178.070007,1026
15-11-2017,1126.689941,42.27,177.949997,1020.909973
16-11-2017,1137.290039,42.775002,179.589996,1032.5
17-11-2017,1129.880005,42.537498,179,1019.090027
20-11-2017,1126.310059,42.494999,178.740005,1018.380005
21-11-2017,1139.48999,43.285,181.860001,1034.48999
22-11-2017,1156.160034,43.740002,180.869995,1035.959961
24-11-2017,1186,43.7425,182.779999,1040.609985
27-11-2017,1195.829956,43.522499,183.029999,1054.209961
28-11-2017,1193.599976,43.267502,182.419998,1047.410034
29-11-2017,1161.27002,42.369999,175.130005,1021.659973
30-11-2017,1176.75,42.962502,177.179993,1021.409973
01-12-2017,1162.349976,42.762501,175.100006,1010.169983
04-12-2017,1133.949951,42.450001,171.470001,998.679993
05-12-2017,1141.569946,42.41,172.830002,1005.150024
06-12-2017,1152.349976,42.252499,176.059998,1018.380005
07-12-2017,1159.790039,42.330002,180.139999,1030.930054
08-12-2017,1162,42.342499,179,1037.050049
11-12-2017,1168.920044,43.1675,179.039993,1041.099976
12-12-2017,1165.079956,42.924999,176.960007,1040.47998
13-12-2017,1164.130005,43.067501,178.300003,1040.609985
14-12-2017,1174.26001,43.055,178.389999,1049.150024
15-12-2017,1179.140015,43.4925,180.179993,1064.189941
18-12-2017,1190.579956,44.105,180.820007,1077.140015
19-12-2017,1187.380005,43.634998,179.509995,1070.680054
20-12-2017,1177.619995,43.587502,177.889999,1064.949951
21-12-2017,1174.76001,43.752499,177.449997,1063.630005
22-12-2017,1168.359985,43.752499,177.199997,1060.119995
26-12-2017,1176.76001,42.642502,175.990005,1056.73999
27-12-2017,1182.26001,42.650002,177.619995,1049.369995
28-12-2017,1186.099976,42.77,177.919998,1048.140015
29-12-2017,1169.469971,42.307499,176.460007,1046.400024
02-01-2018,1189.01001,43.064999,181.419998,1065
03-01-2018,1204.199951,43.057499,184.669998,1082.47998
04-01-2018,1209.589966,43.2575,184.330002,1086.400024
05-01-2018,1229.140015,43.75,186.850006,1102.22998
08-01-2018,1246.869995,43.587502,188.279999,1106.939941
09-01-2018,1252.699951,43.5825,187.869995,1106.26001
10-01-2018,1254.329956,43.572498,187.839996,1102.609985
11-01-2018,1276.680054,43.82,187.770004,1105.52002
12-01-2018,1305.199951,44.272499,179.369995,1122.26001
16-01-2018,1304.859985,44.047501,178.389999,1121.76001
17-01-2018,1295,44.775002,177.600006,1131.97998
18-01-2018,1293.319946,44.814999,179.800003,1129.790039
19-01-2018,1294.579956,44.615002,181.289993,1137.51001
22-01-2018,1327.310059,44.25,185.369995,1155.810059
23-01-2018,1362.540039,44.259998,189.350006,1169.969971
24-01-2018,1357.51001,43.555,186.550003,1164.23999
25-01-2018,1377.949951,42.7775,187.479996,1170.369995
26-01-2018,1402.050049,42.877499,190,1175.839966
29-01-2018,1417.680054,41.990002,185.979996,1175.579956
30-01-2018,1437.819946,41.7425,187.119995,1163.689941
31-01-2018,1450.890015,41.857498,186.889999,1169.939941
01-02-2018,1390,41.945,193.089996,1167.699951
02-02-2018,1429.949951,40.125,190.279999,1111.900024
05-02-2018,1390,39.122501,181.259995,1055.800049
06-02-2018,1442.839966,40.7575,185.309998,1080.599976
07-02-2018,1416.780029,39.884998,180.179993,1048.579956
08-02-2018,1350.5,38.787498,171.580002,1001.52002
09-02-2018,1339.599976,39.102501,176.110001,1037.780029
12-02-2018,1386.22998,40.677502,176.410004,1051.939941
13-02-2018,1414.51001,41.084999,173.149994,1052.099976
14-02-2018,1451.050049,41.842499,179.520004,1069.699951
15-02-2018,1461.76001,43.247501,179.960007,1089.52002
16-02-2018,1448.689941,43.107498,177.360001,1094.800049
20-02-2018,1468.349976,42.962502,176.009995,1102.459961
21-02-2018,1482.920044,42.767502,177.910004,1111.339966
22-02-2018,1485.339966,43.125,178.990005,1106.630005
23-02-2018,1500,43.875,183.289993,1126.790039
26-02-2018,1521.949951,44.7425,184.929993,1143.75
27-02-2018,1511.97998,44.5975,181.460007,1118.290039
28-02-2018,1512.449951,44.529999,178.320007,1104.72998
01-03-2018,1493.449951,43.75,175.940002,1069.52002
02-03-2018,1500.25,44.052502,176.619995,1078.920044
05-03-2018,1523.609985,44.205002,180.399994,1090.930054
06-03-2018,1537.640015,44.1675,179.779999,1095.060059
07-03-2018,1545,43.7575,183.710007,1109.640015
08-03-2018,1551.859985,44.235001,182.339996,1126
09-03-2018,1578.890015,44.994999,185.229996,1160.040039
12-03-2018,1598.390015,45.43,184.759995,1164.5
13-03-2018,1588.180054,44.9925,181.880005,1138.170044
14-03-2018,1591,44.610001,184.190002,1149.48999
15-03-2018,1582.319946,44.662498,183.860001,1149.579956
16-03-2018,1571.680054,44.505001,185.089996,1135.72998
19-03-2018,1544.930054,43.825001,172.559998,1099.819946
20-03-2018,1586.51001,43.810001,168.149994,1097.709961
21-03-2018,1581.859985,42.817501,169.389999,1090.880005
22-03-2018,1544.920044,42.212502,164.889999,1049.079956
23-03-2018,1495.560059,41.235001,159.389999,1021.570007
26-03-2018,1555.859985,43.192501,160.059998,1053.209961
27-03-2018,1497.050049,42.084999,152.220001,1005.099976
28-03-2018,1431.420044,41.619999,153.029999,1004.559998
29-03-2018,1447.339966,41.945,159.789993,1031.790039
02-04-2018,1371.98999,41.669998,155.389999,1006.469971
03-04-2018,1392.050049,42.0975,156.110001,1013.409973
04-04-2018,1410.569946,42.9025,155.100006,1025.140015
05-04-2018,1451.75,43.200001,159.339996,1027.810059
06-04-2018,1405.22998,42.095001,157.199997,1007.039978
09-04-2018,1406.079956,42.512501,157.929993,1015.450012
10-04-2018,1436.219971,43.3125,165.039993,1031.640015
11-04-2018,1427.050049,43.110001,166.320007,1019.969971
12-04-2018,1448.5,43.535,163.869995,1032.51001
13-04-2018,1430.790039,43.682499,164.520004,1029.27002
16-04-2018,1441.5,43.955002,164.830002,1037.97998
17-04-2018,1503.829956,44.560001,168.660004,1074.160034
18-04-2018,1527.839966,44.459999,166.360001,1072.079956
19-04-2018,1556.910034,43.200001,168.100006,1087.699951
20-04-2018,1527.48999,41.43,166.279999,1072.959961
23-04-2018,1517.859985,41.310001,165.839996,1067.449951
24-04-2018,1460.089966,40.735001,159.690002,1019.97998
25-04-2018,1460.170044,40.912498,159.690002,1021.179993
26-04-2018,1517.959961,41.055,174.160004,1040.040039
27-04-2018,1572.619995,40.580002,173.589996,1030.050049
30-04-2018,1566.130005,41.314999,172,1017.330017
01-05-2018,1582.26001,42.275002,173.860001,1037.310059
02-05-2018,1569.680054,44.142502,176.070007,1024.380005
03-05-2018,1572.079956,44.2225,174.020004,1023.719971
04-05-2018,1580.949951,45.9575,176.610001,1048.209961
07-05-2018,1600.140015,46.290001,177.970001,1054.790039
08-05-2018,1592.390015,46.512501,178.919998,1053.910034
09-05-2018,1608,46.84,182.660004,1082.76001
10-05-2018,1609.079956,47.509998,185.529999,1097.569946
11-05-2018,1602.910034,47.147499,186.990005,1098.26001
14-05-2018,1601.540039,47.037498,186.639999,1100.199951
15-05-2018,1576.119995,46.610001,184.320007,1079.22998
16-05-2018,1587.280029,47.044998,183.199997,1081.77002
17-05-2018,1581.76001,46.747501,183.759995,1078.589966
18-05-2018,1574.369995,46.577499,182.679993,1066.359985
21-05-2018,1585.459961,46.907501,184.490005,1079.579956
22-05-2018,1581.400024,46.790001,183.800003,1069.72998
23-05-2018,1601.859985,47.09,186.899994,1079.689941
24-05-2018,1603.069946,47.037498,185.929993,1079.23999
25-05-2018,1610.150024,47.145,184.919998,1075.660034
29-05-2018,1612.869995,46.974998,185.740005,1060.319946
30-05-2018,1624.890015,46.875,187.669998,1067.800049
31-05-2018,1629.619995,46.717499,191.779999,1084.98999
01-06-2018,1641.540039,47.560001,193.990005,1119.5
04-06-2018,1665.27002,47.9575,193.279999,1139.290039
05-06-2018,1696.349976,48.327499,192.940002,1139.660034
06-06-2018,1695.75,48.494999,191.339996,1136.880005
07-06-2018,1689.300049,48.365002,188.179993,1123.859985
08-06-2018,1683.98999,47.924999,189.100006,1120.869995
11-06-2018,1689.119995,47.807499,191.539993,1129.98999
12-06-2018,1698.75,48.07,192.399994,1139.319946
13-06-2018,1704.859985,47.674999,192.410004,1134.790039
14-06-2018,1723.859985,47.700001,196.809998,1152.119995
15-06-2018,1715.969971,47.209999,195.850006,1152.26001
18-06-2018,1723.790039,47.185001,198.309998,1173.459961
19-06-2018,1734.780029,46.422501,197.490005,1168.060059
20-06-2018,1750.079956,46.625,202,1169.839966
21-06-2018,1730.219971,46.365002,201.5,1157.660034
22-06-2018,1715.670044,46.23,201.740005,1155.47998
25-06-2018,1663.150024,45.5425,196.350006,1124.810059
26-06-2018,1691.089966,46.107498,199,1118.459961
27-06-2018,1660.51001,46.040001,195.839996,1103.97998
28-06-2018,1701.449951,46.375,196.229996,1114.219971
29-06-2018,1699.800049,46.2775,194.320007,1115.650024
02-07-2018,1713.780029,46.794998,197.360001,1127.459961
03-07-2018,1693.959961,45.98,192.729996,1102.890015
05-07-2018,1699.72998,46.349998,198.449997,1124.27002
06-07-2018,1710.630005,46.9925,203.229996,1140.170044
09-07-2018,1739.02002,47.645,204.740005,1154.050049
10-07-2018,1743.069946,47.587502,203.539993,1152.839966
11-07-2018,1755,46.970001,202.539993,1153.900024
12-07-2018,1796.619995,47.7575,206.919998,1183.47998
13-07-2018,1813.030029,47.8325,207.320007,1188.819946
16-07-2018,1822.48999,47.727501,207.229996,1183.859985
17-07-2018,1843.930054,47.862499,209.990005,1198.800049
18-07-2018,1842.920044,47.599998,209.360001,1195.880005
19-07-2018,1812.969971,47.970001,208.089996,1186.959961
20-07-2018,1813.699951,47.860001,209.940002,1184.910034
23-07-2018,1802,47.9025,210.910004,1205.5
24-07-2018,1829.23999,48.25,214.669998,1248.079956
25-07-2018,1863.609985,48.705002,217.5,1263.699951
26-07-2018,1808,48.552502,176.259995,1268.329956
27-07-2018,1817.27002,47.744999,174.889999,1238.5
30-07-2018,1779.219971,47.477501,171.059998,1219.73999
31-07-2018,1777.439941,47.572498,172.580002,1217.26001
01-08-2018,1797.170044,50.375,171.649994,1220.01001
02-08-2018,1834.329956,51.8475,176.369995,1226.150024
03-08-2018,1823.290039,51.997501,177.779999,1223.709961
06-08-2018,1847.75,52.267502,185.690002,1224.77002
07-08-2018,1862.47998,51.7775,183.809998,1242.219971
08-08-2018,1886.52002,51.8125,185.179993,1245.609985
09-08-2018,1898.52002,52.220001,183.089996,1249.099976
10-08-2018,1886.300049,51.8825,180.259995,1237.609985
13-08-2018,1896.199951,52.217499,180.050003,1235.01001
14-08-2018,1919.650024,52.4375,181.110001,1242.099976
15-08-2018,1882.619995,52.560001,179.529999,1214.380005
16-08-2018,1886.52002,53.330002,174.699997,1206.48999
17-08-2018,1882.219971,54.395,173.800003,1200.959961
20-08-2018,1876.709961,53.865002,172.5,1207.77002
21-08-2018,1883.420044,53.759998,172.619995,1201.619995
22-08-2018,1904.900024,53.762501,173.639999,1207.329956
23-08-2018,1902.900024,53.872501,172.899994,1205.380005
24-08-2018,1905.390015,54.040001,174.649994,1220.650024
27-08-2018,1927.680054,54.485001,177.460007,1241.819946
28-08-2018,1932.819946,54.924999,176.259995,1231.150024
29-08-2018,1998.099976,55.744999,175.899994,1249.300049
30-08-2018,2002.380005,56.2575,177.639999,1239.119995
31-08-2018,2012.709961,56.907501,175.729996,1218.189941
04-09-2018,2039.51001,57.09,171.160004,1197
05-09-2018,1994.819946,56.717499,167.179993,1186.47998
06-09-2018,1958.310059,55.775002,162.529999,1171.439941
07-09-2018,1952.069946,55.325001,163.039993,1164.829956
10-09-2018,1939.01001,54.5825,164.179993,1164.640015
11-09-2018,1987.150024,55.962502,165.940002,1177.359985
12-09-2018,1990,55.267502,162,1162.819946
13-09-2018,1989.869995,56.602501,161.360001,1175.329956
14-09-2018,1970.189941,55.959999,162.320007,1172.530029
17-09-2018,1908.030029,54.470001,160.580002,1156.050049
18-09-2018,1941.050049,54.560001,160.300003,1161.219971
19-09-2018,1926.420044,54.592499,163.059998,1171.089966
20-09-2018,1944.300049,55.0075,166.020004,1186.869995
21-09-2018,1915.01001,54.415001,162.929993,1166.089966
24-09-2018,1934.359985,55.197498,165.410004,1173.369995
25-09-2018,1974.550049,55.547501,164.910004,1184.650024
26-09-2018,1974.849976,55.105,166.949997,1180.48999
27-09-2018,2012.97998,56.237499,168.839996,1194.640015
28-09-2018,2003,56.435001,164.460007,1193.469971
01-10-2018,2004.359985,56.814999,162.440002,1195.310059
02-10-2018,1971.310059,57.32,159.330002,1200.109985
03-10-2018,1952.76001,58.017502,162.429993,1202.949951
04-10-2018,1909.420044,56.997501,158.850006,1168.189941
05-10-2018,1889.650024,56.072498,157.330002,1157.349976
08-10-2018,1864.420044,55.942501,157.25,1148.969971
09-10-2018,1870.319946,56.717499,157.899994,1138.819946
10-10-2018,1755.25,54.09,151.380005,1081.219971
11-10-2018,1719.359985,53.612499,153.350006,1079.319946
12-10-2018,1788.609985,55.5275,153.740005,1110.079956
15-10-2018,1760.949951,54.34,153.520004,1092.25
16-10-2018,1819.959961,55.537498,158.779999,1121.280029
17-10-2018,1831.72998,55.297501,159.419998,1115.689941
18-10-2018,1770.719971,54.005001,154.919998,1087.969971
19-10-2018,1764.030029,54.827499,154.050003,1096.459961
22-10-2018,1789.300049,55.162498,154.779999,1101.160034
23-10-2018,1768.699951,55.682499,154.389999,1103.689941
24-10-2018,1664.199951,53.772499,146.039993,1050.709961
25-10-2018,1782.170044,54.950001,150.949997,1095.569946
26-10-2018,1642.810059,54.075001,145.369995,1071.469971
29-10-2018,1538.880005,53.060001,142.089996,1020.080017
30-10-2018,1530.420044,53.325001,146.220001,1036.209961
31-10-2018,1598.01001,54.715,151.789993,1076.77002
01-11-2018,1665.530029,55.555,151.75,1070
02-11-2018,1665.530029,51.869999,150.350006,1057.790039
05-11-2018,1627.800049,50.397499,148.679993,1040.089966
06-11-2018,1642.810059,50.942501,149.940002,1055.810059
07-11-2018,1755.48999,52.487499,151.529999,1093.390015
08-11-2018,1754.910034,52.122501,147.869995,1082.400024
09-11-2018,1712.430054,51.1175,144.960007,1066.150024
12-11-2018,1636.849976,48.5425,141.550003,1038.630005
13-11-2018,1631.170044,48.057499,142.160004,1036.050049
14-11-2018,1599.01001,46.700001,144.220001,1043.660034
15-11-2018,1619.439941,47.852501,143.850006,1064.709961
16-11-2018,1593.410034,48.3825,139.529999,1061.48999
19-11-2018,1512.290039,46.465,131.550003,1020
20-11-2018,1495.459961,44.244999,132.429993,1025.76001
21-11-2018,1516.72998,44.195,134.820007,1037.609985
23-11-2018,1502.060059,43.072498,131.729996,1023.880005
26-11-2018,1581.329956,43.654999,136.380005,1048.619995
27-11-2018,1581.420044,43.560001,135,1044.410034
28-11-2018,1677.75,45.235001,136.759995,1086.22998
29-11-2018,1673.569946,44.887501,138.679993,1088.300049
30-11-2018,1690.170044,44.645,140.610001,1094.430054
03-12-2018,1772.359985,46.205002,141.089996,1106.430054
04-12-2018,1668.400024,44.172501,137.929993,1050.819946
06-12-2018,1699.189941,43.68,139.630005,1068.72998
07-12-2018,1629.130005,42.122501,137.419998,1036.579956
10-12-2018,1641.030029,42.400002,141.850006,1039.550049
11-12-2018,1643.23999,42.157501,142.080002,1051.75
12-12-2018,1663.540039,42.275002,144.5,1063.680054
13-12-2018,1658.380005,42.737499,145.009995,1061.900024
14-12-2018,1591.910034,41.369999,144.059998,1042.099976
17-12-2018,1520.910034,40.985001,140.190002,1016.530029
18-12-2018,1551.47998,41.517502,143.660004,1028.709961
19-12-2018,1495.079956,40.2225,133.240005,1023.01001
20-12-2018,1460.829956,39.2075,133.399994,1009.409973
21-12-2018,1377.449951,37.682499,124.949997,979.539978
24-12-2018,1343.959961,36.7075,124.059998,976.219971
26-12-2018,1470.900024,39.2925,134.179993,1039.459961
27-12-2018,1461.640015,39.037498,134.520004,1043.880005
28-12-2018,1478.02002,39.057499,133.199997,1037.079956
31-12-2018,1501.969971,39.435001,131.089996,1035.609985
02-01-2019,1539.130005,39.48,135.679993,1045.849976
03-01-2019,1500.280029,35.547501,131.740005,1016.059998
04-01-2019,1575.390015,37.064999,137.949997,1070.709961
07-01-2019,1629.51001,36.982498,138.050003,1068.390015
08-01-2019,1656.579956,37.6875,142.529999,1076.280029
09-01-2019,1659.420044,38.327499,144.229996,1074.660034
10-01-2019,1656.219971,38.450001,144.199997,1070.329956
11-01-2019,1640.560059,38.072498,143.800003,1057.189941
14-01-2019,1617.209961,37.5,145.389999,1044.689941
15-01-2019,1674.560059,38.267502,148.949997,1077.150024
16-01-2019,1683.780029,38.735001,147.539993,1080.969971
17-01-2019,1693.219971,38.965,148.300003,1089.900024
18-01-2019,1696.199951,39.205002,150.039993,1098.26001
22-01-2019,1632.170044,38.325001,147.570007,1070.52002
23-01-2019,1640.02002,38.48,144.300003,1075.569946
24-01-2019,1654.930054,38.174999,145.830002,1073.900024
25-01-2019,1670.569946,39.439999,149.009995,1090.98999
28-01-2019,1637.890015,39.075001,147.470001,1070.079956
29-01-2019,1593.880005,38.669998,144.190002,1060.619995
30-01-2019,1670.430054,41.3125,150.419998,1089.060059
31-01-2019,1718.72998,41.610001,166.690002,1116.369995
01-02-2019,1626.22998,41.630001,165.710007,1110.75
04-02-2019,1633.310059,42.8125,169.25,1132.800049
05-02-2019,1658.810059,43.544998,171.160004,1145.98999
06-02-2019,1640.26001,43.560001,170.490005,1115.22998
07-02-2019,1614.369995,42.735001,166.380005,1098.709961
08-02-2019,1588.219971,42.602501,167.330002,1095.060059
11-02-2019,1591,42.357498,165.789993,1095.01001
12-02-2019,1638.01001,42.7225,165.039993,1121.369995
13-02-2019,1640,42.544998,164.070007,1120.160034
14-02-2019,1622.650024,42.700001,163.949997,1121.670044
15-02-2019,1607.949951,42.605,162.5,1113.650024
19-02-2019,1627.579956,42.732498,162.289993,1118.560059
20-02-2019,1622.099976,43.0075,162.559998,1113.800049
21-02-2019,1619.439941,42.764999,160.039993,1096.969971
22-02-2019,1631.560059,43.2425,161.889999,1110.369995
25-02-2019,1633,43.557499,164.619995,1109.400024
26-02-2019,1636.400024,43.5825,164.130005,1115.130005
27-02-2019,1641.089966,43.717499,162.809998,1116.050049
28-02-2019,1639.829956,43.287498,161.449997,1119.920044
01-03-2019,1671.72998,43.7425,162.279999,1140.98999
04-03-2019,1696.170044,43.962502,167.369995,1147.800049
05-03-2019,1692.430054,43.8825,171.259995,1162.030029
06-03-2019,1668.949951,43.630001,172.509995,1157.859985
07-03-2019,1625.949951,43.125,169.130005,1143.300049
08-03-2019,1620.800049,43.227501,169.600006,1142.319946
11-03-2019,1670.619995,44.724998,172.070007,1175.76001
12-03-2019,1673.099976,45.227501,171.919998,1193.199951
13-03-2019,1690.810059,45.427502,173.369995,1193.319946
14-03-2019,1686.219971,45.932499,170.169998,1185.550049
15-03-2019,1712.359985,46.529999,165.979996,1184.459961
18-03-2019,1742.150024,47.005001,160.470001,1184.26001
19-03-2019,1761.849976,46.6325,161.570007,1198.849976
20-03-2019,1797.27002,47.040001,165.440002,1223.969971
21-03-2019,1819.26001,48.772499,166.080002,1231.540039
22-03-2019,1764.77002,47.762501,164.339996,1205.5
25-03-2019,1774.26001,47.185001,166.289993,1193
26-03-2019,1783.76001,46.697498,167.679993,1184.619995
27-03-2019,1765.699951,47.1175,165.869995,1173.02002
28-03-2019,1773.420044,47.18,165.550003,1168.48999
29-03-2019,1780.75,47.487499,166.690002,1173.310059
01-04-2019,1814.189941,47.810001,168.699997,1194.430054
02-04-2019,1813.97998,48.505001,174.199997,1200.48999
03-04-2019,1820.699951,48.837502,173.539993,1205.920044
04-04-2019,1818.859985,48.922501,176.020004,1215
05-04-2019,1837.280029,49.25,175.720001,1207.150024
08-04-2019,1849.859985,50.025002,174.929993,1203.839966
09-04-2019,1835.839966,49.875,177.580002,1197.25
10-04-2019,1847.329956,50.154999,177.820007,1202.160034
11-04-2019,1844.069946,49.737499,177.509995,1204.619995
12-04-2019,1843.060059,49.717499,179.100006,1217.869995
15-04-2019,1844.869995,49.807499,179.649994,1221.099976
16-04-2019,1863.040039,49.8125,178.869995,1227.130005
17-04-2019,1864.819946,50.782501,178.779999,1236.339966
18-04-2019,1861.689941,50.965,178.279999,1236.369995
22-04-2019,1887.310059,51.1325,181.440002,1248.839966
23-04-2019,1923.77002,51.869999,183.779999,1264.550049
24-04-2019,1901.75,51.790001,182.580002,1256
25-04-2019,1902.25,51.32,193.259995,1263.449951
26-04-2019,1950.630005,51.075001,191.490005,1272.180054
29-04-2019,1938.430054,51.1525,194.779999,1287.579956
30-04-2019,1926.52002,50.1675,193.399994,1188.47998
01-05-2019,1911.52002,52.630001,193.029999,1168.079956
02-05-2019,1900.819946,52.287498,192.529999,1162.609985
03-05-2019,1962.459961,52.9375,195.470001,1185.400024
06-05-2019,1950.550049,52.119999,193.880005,1189.390015
07-05-2019,1921,50.715,189.770004,1174.099976
08-05-2019,1917.77002,50.724998,189.539993,1166.27002
09-05-2019,1899.869995,50.18,188.649994,1162.380005
10-05-2019,1889.97998,49.294998,188.339996,1164.27002
13-05-2019,1822.680054,46.43,181.539993,1132.030029
14-05-2019,1840.119995,47.165001,180.729996,1120.439941
15-05-2019,1871.150024,47.73,186.270004,1164.209961
16-05-2019,1907.569946,47.52,186.990005,1178.97998
17-05-2019,1869,47.25,185.300003,1162.300049
20-05-2019,1858.969971,45.772499,182.720001,1138.849976
21-05-2019,1857.52002,46.650002,184.820007,1149.630005
22-05-2019,1859.680054,45.695,185.320007,1151.420044
23-05-2019,1815.47998,44.915001,180.869995,1140.77002
24-05-2019,1823.280029,44.7425,181.059998,1133.469971
28-05-2019,1836.430054,44.557499,184.309998,1134.150024
29-05-2019,1819.189941,44.345001,182.190002,1116.459961
30-05-2019,1816.319946,44.575001,183.009995,1117.949951
31-05-2019,1775.069946,43.767502,177.470001,1103.630005
03-06-2019,1692.689941,43.325001,164.149994,1036.22998
04-06-2019,1729.560059,44.91,167.5,1053.050049
05-06-2019,1738.5,45.634998,168.169998,1042.219971
06-06-2019,1754.359985,46.305,168.330002,1044.339966
07-06-2019,1804.030029,47.537498,173.350006,1066.040039
10-06-2019,1860.630005,48.145,174.820007,1080.380005
11-06-2019,1863.699951,48.702499,178.100006,1078.719971
12-06-2019,1855.319946,48.547501,175.039993,1077.030029
13-06-2019,1870.300049,48.537498,177.470001,1088.77002
14-06-2019,1869.670044,48.185001,181.330002,1085.349976
17-06-2019,1886.030029,48.4725,189.009995,1092.5
18-06-2019,1901.369995,49.612499,188.470001,1103.599976
19-06-2019,1908.790039,49.467499,187.479996,1102.329956
20-06-2019,1918.189941,49.865002,189.529999,1111.420044
21-06-2019,1911.300049,49.695,191.139999,1121.880005
24-06-2019,1913.900024,49.645,192.600006,1115.52002
25-06-2019,1878.27002,48.892502,188.839996,1086.349976
26-06-2019,1897.829956,49.950001,187.660004,1079.800049
27-06-2019,1904.280029,49.935001,189.5,1076.01001
28-06-2019,1893.630005,49.48,193,1080.910034
01-07-2019,1922.189941,50.387501,193,1097.949951
02-07-2019,1934.310059,50.682499,195,1111.25
03-07-2019,1939,51.102501,197.199997,1121.579956
05-07-2019,1942.910034,51.057499,196.399994,1131.589966
08-07-2019,1952.319946,50.005001,195.759995,1116.349976
09-07-2019,1988.300049,50.310001,199.210007,1124.829956
10-07-2019,2017.410034,50.807499,202.729996,1140.47998
11-07-2019,2001.069946,50.4375,201.229996,1144.209961
12-07-2019,2011,50.825001,204.869995,1144.900024
15-07-2019,2020.98999,51.302502,203.910004,1150.339966
16-07-2019,2009.900024,51.125,203.839996,1153.579956
17-07-2019,1992.030029,50.837502,201.800003,1146.349976
18-07-2019,1977.900024,51.415001,200.779999,1146.329956
19-07-2019,1964.52002,50.647499,198.360001,1130.099976
22-07-2019,1985.630005,51.805,202.320007,1138.069946
23-07-2019,1994.48999,52.209999,202.360001,1146.209961
24-07-2019,2000.810059,52.1675,204.660004,1137.810059
25-07-2019,1973.819946,51.755001,200.710007,1132.119995
26-07-2019,1943.050049,51.935001,199.75,1250.410034
29-07-2019,1912.449951,52.419998,195.940002,1239.410034
30-07-2019,1898.530029,52.195,197.039993,1225.140015
31-07-2019,1866.780029,53.259998,194.229996,1216.680054
01-08-2019,1855.319946,52.107498,192.729996,1209.01001
02-08-2019,1823.23999,51.005001,189.020004,1193.98999
05-08-2019,1765.130005,48.334999,181.729996,1152.319946
06-08-2019,1787.829956,49.25,184.509995,1169.949951
07-08-2019,1793.400024,49.759998,185.149994,1173.98999
08-08-2019,1832.890015,50.857498,190.160004,1204.800049
09-08-2019,1807.579956,50.247501,187.850006,1188.01001
12-08-2019,1784.920044,50.119999,185.369995,1174.709961
13-08-2019,1824.339966,52.2425,188.449997,1197.27002
14-08-2019,1762.959961,50.6875,179.710007,1164.290039
15-08-2019,1776.119995,50.435001,182.589996,1167.26001
16-08-2019,1792.569946,51.625,183.699997,1177.599976
19-08-2019,1816.119995,52.587502,186.169998,1198.449951
20-08-2019,1801.380005,52.59,183.809998,1182.689941
21-08-2019,1823.540039,53.16,183.550003,1191.25
22-08-2019,1804.660034,53.115002,182.039993,1189.530029
23-08-2019,1749.619995,50.66,177.75,1151.290039
26-08-2019,1768.869995,51.622501,180.360001,1168.890015
27-08-2019,1761.829956,51.040001,181.300003,1167.839966
28-08-2019,1764.25,51.3825,181.759995,1171.02002
29-08-2019,1786.400024,52.252499,185.570007,1192.849976
30-08-2019,1776.290039,52.185001,185.669998,1188.099976
03-09-2019,1789.839966,51.424999,182.389999,1168.390015
04-09-2019,1800.619995,52.297501,187.139999,1181.410034
05-09-2019,1840.719971,53.32,190.899994,1211.380005
06-09-2019,1833.51001,53.314999,187.490005,1204.930054
09-09-2019,1831.349976,53.5425,188.759995,1204.410034
10-09-2019,1820.550049,54.174999,186.169998,1206
11-09-2019,1822.98999,55.897499,188.490005,1220.170044
12-09-2019,1843.550049,55.772499,187.470001,1234.25
13-09-2019,1839.339966,54.6875,187.190002,1239.560059
16-09-2019,1807.839966,54.974998,186.220001,1231.300049
17-09-2019,1822.550049,55.174999,188.080002,1229.150024
18-09-2019,1817.459961,55.692501,188.139999,1232.410034
19-09-2019,1821.5,55.240002,190.139999,1238.709961
20-09-2019,1794.160034,54.432499,189.929993,1229.930054
23-09-2019,1785.300049,54.68,186.820007,1234.030029
24-09-2019,1741.609985,54.419998,181.279999,1218.76001
25-09-2019,1768.329956,55.2575,182.800003,1246.52002
26-09-2019,1739.839966,54.9725,180.110001,1241.390015
27-09-2019,1725.449951,54.705002,177.100006,1225.089966
30-09-2019,1735.910034,55.9925,178.080002,1219
01-10-2019,1735.650024,56.147499,175.809998,1205.099976
02-10-2019,1713.22998,54.740002,174.600006,1176.630005
03-10-2019,1724.420044,55.205002,179.380005,1187.829956
04-10-2019,1739.650024,56.752499,180.449997,1209
07-10-2019,1732.660034,56.764999,179.679993,1207.680054
08-10-2019,1705.51001,56.099998,177.75,1189.130005
09-10-2019,1721.98999,56.7575,179.850006,1202.310059
10-10-2019,1720.26001,57.522499,180.029999,1208.670044
11-10-2019,1731.920044,59.052502,184.190002,1215.449951
14-10-2019,1736.430054,58.967499,183.279999,1217.140015
15-10-2019,1767.380005,58.830002,188.889999,1243.01001
16-10-2019,1777.430054,58.592499,189.550003,1243.640015
17-10-2019,1787.47998,58.82,190.389999,1253.069946
18-10-2019,1757.51001,59.102501,185.850006,1245.48999
21-10-2019,1785.660034,60.127499,189.759995,1246.150024
22-10-2019,1765.72998,59.990002,182.339996,1242.800049
23-10-2019,1762.170044,60.794998,186.149994,1259.130005
24-10-2019,1780.780029,60.895,186.380005,1260.98999
25-10-2019,1761.329956,61.645,187.889999,1265.130005
28-10-2019,1777.079956,62.262501,189.399994,1290
29-10-2019,1762.709961,60.822498,189.309998,1262.619995
30-10-2019,1779.98999,60.814999,188.25,1261.290039
31-10-2019,1776.660034,62.189999,191.649994,1260.109985
01-11-2019,1791.439941,63.955002,193.619995,1273.73999
04-11-2019,1804.660034,64.375,194.720001,1291.369995
05-11-2019,1801.709961,64.282501,194.320007,1292.030029
06-11-2019,1795.77002,64.309998,191.550003,1291.800049
07-11-2019,1788.199951,64.857498,190.419998,1308.859985
08-11-2019,1785.880005,65.035004,190.839996,1311.369995
11-11-2019,1771.650024,65.550003,189.610001,1299.189941
12-11-2019,1778,65.489998,194.470001,1298.800049
13-11-2019,1753.109985,66.1175,193.190002,1298
14-11-2019,1754.599976,65.660004,193.149994,1311.459961
15-11-2019,1739.48999,66.440002,195.100006,1334.869995
18-11-2019,1752.530029,66.775002,197.399994,1320.699951
19-11-2019,1752.790039,66.572502,199.320007,1315.459961
20-11-2019,1745.530029,65.797501,197.509995,1303.050049
21-11-2019,1734.709961,65.502502,197.929993,1301.349976
22-11-2019,1745.719971,65.445,198.820007,1295.339966
25-11-2019,1773.839966,66.592499,199.789993,1306.689941
26-11-2019,1796.939941,66.072502,198.970001,1313.550049
27-11-2019,1818.51001,66.959999,202,1312.98999
29-11-2019,1800.800049,66.8125,201.639999,1304.959961
02-12-2019,1781.599976,66.040001,199.699997,1289.920044
03-12-2019,1769.959961,64.862503,198.820007,1295.280029
04-12-2019,1760.689941,65.434998,198.710007,1320.540039
05-12-2019,1740.47998,66.394997,199.360001,1328.130005
06-12-2019,1751.599976,67.677498,201.050003,1340.619995
09-12-2019,1749.51001,66.730003,201.339996,1343.560059
10-12-2019,1739.209961,67.120003,200.869995,1344.660034
11-12-2019,1748.719971,67.692497,202.259995,1345.02002
12-12-2019,1760.329956,67.864998,196.75,1350.27002
13-12-2019,1760.939941,68.787498,194.110001,1347.829956
16-12-2019,1769.209961,69.964996,197.919998,1361.170044
17-12-2019,1790.660034,70.102501,198.389999,1355.119995
18-12-2019,1784.030029,69.934998,202.5,1352.619995
19-12-2019,1792.280029,70.004997,206.059998,1356.040039
20-12-2019,1786.5,69.860001,206.300003,1349.589966
23-12-2019,1793,71,206.179993,1348.839966
24-12-2019,1789.209961,71.067497,205.119995,1343.560059
26-12-2019,1868.77002,72.477501,207.789993,1360.400024
27-12-2019,1869.800049,72.449997,208.100006,1351.890015
30-12-2019,1846.890015,72.879997,204.410004,1336.140015
31-12-2019,1847.839966,73.412498,205.25,1337.02002
02-01-2020,1898.01001,75.087502,209.779999,1367.369995
03-01-2020,1874.969971,74.357498,208.669998,1360.660034
06-01-2020,1902.880005,74.949997,212.600006,1394.209961
07-01-2020,1906.859985,74.597504,213.059998,1393.339966
08-01-2020,1891.969971,75.797501,215.220001,1404.319946
09-01-2020,1901.050049,77.407501,218.300003,1419.829956
10-01-2020,1883.160034,77.582497,218.059998,1429.72998
13-01-2020,1891.300049,79.239998,221.910004,1439.22998
14-01-2020,1869.439941,78.169998,219.059998,1430.880005
15-01-2020,1862.02002,77.834999,221.149994,1439.199951
16-01-2020,1877.939941,78.809998,221.770004,1451.699951
17-01-2020,1864.719971,79.682503,222.139999,1480.390015
21-01-2020,1892,79.142502,221.440002,1484.400024
22-01-2020,1887.459961,79.425003,221.320007,1485.949951
23-01-2020,1884.579956,79.807503,219.759995,1486.650024
24-01-2020,1861.640015,79.577499,217.940002,1466.709961
27-01-2020,1828.339966,77.237503,214.869995,1433.900024
28-01-2020,1853.25,79.422501,217.789993,1452.560059
29-01-2020,1858,81.084999,223.229996,1458.630005
30-01-2020,1870.680054,80.967499,209.529999,1455.839966
31-01-2020,2008.719971,77.377502,201.910004,1434.22998
03-02-2020,2004.199951,77.165001,204.190002,1485.939941
04-02-2020,2049.669922,79.712502,209.830002,1447.069946
05-02-2020,2039.869995,80.362503,210.110001,1448.22998
06-02-2020,2050.22998,81.302498,210.850006,1476.22998
07-02-2020,2079.280029,80.0075,212.330002,1479.22998
10-02-2020,2133.909912,80.387497,213.059998,1508.680054
11-02-2020,2150.800049,79.902496,207.190002,1508.790039
12-02-2020,2160,81.800003,210.759995,1518.27002
13-02-2020,2149.870117,81.217499,213.139999,1514.660034
14-02-2020,2134.870117,81.237503,214.179993,1520.73999
18-02-2020,2155.669922,79.75,217.800003,1519.670044
19-02-2020,2170.219971,80.904999,217.490005,1526.689941
20-02-2020,2153.100098,80.074997,214.580002,1518.150024
21-02-2020,2095.969971,78.262497,210.179993,1485.109985
24-02-2020,2009.290039,74.544998,200.720001,1421.589966
25-02-2020,1972.73999,72.019997,196.770004,1388.449951
26-02-2020,1979.589966,73.162498,197.199997,1393.180054
27-02-2020,1884.300049,68.379997,189.75,1318.089966
28-02-2020,1883.75,68.339996,192.470001,1339.329956
02-03-2020,1953.949951,74.702499,196.440002,1389.109985
03-03-2020,1908.98999,72.330002,185.889999,1341.390015
04-03-2020,1975.829956,75.684998,191.759995,1386.52002
05-03-2020,1924.030029,73.230003,185.169998,1319.040039
06-03-2020,1901.089966,72.2575,181.089996,1298.410034
09-03-2020,1800.609985,66.542503,169.5,1215.560059
10-03-2020,1891.819946,71.334999,178.190002,1280.390015
11-03-2020,1820.859985,68.857498,170.240005,1215.410034
12-03-2020,1676.609985,62.057499,154.470001,1114.910034
13-03-2020,1785,69.4925,170.279999,1219.72998
16-03-2020,1689.150024,60.552502,146.009995,1084.329956
17-03-2020,1807.839966,63.215,149.419998,1119.800049
18-03-2020,1830,61.6675,146.960007,1096.800049
19-03-2020,1880.930054,61.195,153.130005,1115.290039
20-03-2020,1846.089966,57.310001,149.729996,1072.319946
23-03-2020,1902.829956,56.092499,148.100006,1056.619995
24-03-2020,1940.099976,61.720001,160.979996,1134.459961
25-03-2020,1885.839966,61.380001,156.210007,1102.48999
26-03-2020,1955.48999,64.610001,163.339996,1161.75
27-03-2020,1900.099976,61.935001,156.789993,1110.709961
30-03-2020,1963.949951,63.702499,165.949997,1146.819946
31-03-2020,1949.719971,63.572498,166.800003,1162.810059
01-04-2020,1907.699951,60.227501,159.600006,1105.619995
02-04-2020,1918.829956,61.232498,158.190002,1120.839966
03-04-2020,1906.589966,60.352501,154.179993,1097.880005
06-04-2020,1997.589966,65.6175,165.550003,1186.920044
07-04-2020,2011.599976,64.857498,168.830002,1186.51001
08-04-2020,2043,66.517502,174.279999,1210.280029
09-04-2020,2042.76001,66.997498,175.190002,1211.449951
13-04-2020,2168.870117,68.3125,174.789993,1217.560059
14-04-2020,2283.320068,71.762497,178.169998,1269.22998
15-04-2020,2307.679932,71.107498,176.970001,1262.469971
16-04-2020,2408.189941,71.672501,176.25,1263.469971
17-04-2020,2375,70.699997,179.240005,1283.25
20-04-2020,2393.610107,69.232498,178.240005,1266.609985
21-04-2020,2328.120117,67.092499,170.800003,1216.339966
22-04-2020,2363.48999,69.025002,182.279999,1263.209961
23-04-2020,2399.449951,68.7575,185.130005,1276.310059
24-04-2020,2410.219971,70.7425,190.070007,1279.310059
27-04-2020,2376,70.792503,187.5,1275.880005
28-04-2020,2314.080078,69.644997,182.910004,1233.670044
29-04-2020,2372.709961,71.932503,194.190002,1341.47998
30-04-2020,2474,73.449997,204.710007,1348.660034
01-05-2020,2286.040039,72.267502,202.270004,1320.609985
04-05-2020,2315.98999,73.290001,205.259995,1326.800049
05-05-2020,2317.800049,74.389999,207.070007,1351.109985
06-05-2020,2351.26001,75.157501,208.470001,1347.300049
07-05-2020,2367.610107,75.934998,211.259995,1372.560059
08-05-2020,2379.610107,77.532501,212.350006,1388.369995
11-05-2020,2409,78.752502,213.179993,1403.26001
12-05-2020,2356.949951,77.852501,210.100006,1375.73999
13-05-2020,2367.919922,76.912498,205.100006,1349.329956
14-05-2020,2388.850098,77.385002,206.809998,1356.130005
15-05-2020,2409.780029,76.927498,210.880005,1373.189941
18-05-2020,2426.26001,78.739998,213.190002,1383.939941
19-05-2020,2449.330078,78.285004,216.880005,1373.484985
20-05-2020,2497.939941,79.807503,229.970001,1406.719971
21-05-2020,2446.73999,79.212502,231.389999,1402.800049
22-05-2020,2436.879883,79.722504,234.910004,1410.420044
26-05-2020,2421.860107,79.182503,232.199997,1417.02002
27-05-2020,2410.389893,79.527496,229.139999,1417.839966
28-05-2020,2401.100098,79.5625,225.460007,1416.72998
29-05-2020,2442.370117,79.485001,225.089996,1428.920044
01-06-2020,2471.040039,80.462502,231.910004,1431.819946
02-06-2020,2472.409912,80.834999,232.720001,1439.219971
03-06-2020,2478.399902,81.279999,230.160004,1436.380005
04-06-2020,2460.600098,80.580002,226.289993,1412.180054
05-06-2020,2483,82.875,230.770004,1438.390015
08-06-2020,2524.060059,83.364998,231.399994,1446.609985
09-06-2020,2600.860107,85.997498,238.669998,1456.160034
10-06-2020,2647.449951,88.209999,236.729996,1465.849976
11-06-2020,2557.959961,83.974998,224.429993,1403.839966
12-06-2020,2545.02002,84.699997,228.580002,1413.180054
15-06-2020,2572.679932,85.747498,232.5,1419.849976
16-06-2020,2615.27002,88.019997,235.649994,1442.719971
17-06-2020,2640.97998,87.897499,235.529999,1451.119995
18-06-2020,2653.97998,87.932503,235.940002,1435.959961
19-06-2020,2675.01001,87.43,238.789993,1431.719971
22-06-2020,2713.820068,89.717499,239.220001,1451.859985
23-06-2020,2764.409912,91.6325,242.240005,1464.410034
24-06-2020,2734.399902,90.014999,234.020004,1431.969971
25-06-2020,2754.580078,91.209999,235.679993,1441.329956
26-06-2020,2692.870117,88.407501,216.080002,1359.900024
29-06-2020,2680.379883,90.445,220.639999,1394.969971
30-06-2020,2758.820068,91.199997,227.070007,1413.609985
01-07-2020,2878.699951,91.027496,237.550003,1438.040039
02-07-2020,2890.300049,91.027496,233.419998,1464.699951
06-07-2020,3057.040039,93.462502,240.279999,1495.699951
07-07-2020,3000.120117,93.172501,240.860001,1485.180054
08-07-2020,3081.110107,95.342499,243.580002,1496
09-07-2020,3182.629883,95.752502,244.5,1510.98999
10-07-2020,3200,95.919998,245.070007,1541.73999
13-07-2020,3104,95.477501,239,1511.339966
14-07-2020,3084,97.057503,239.729996,1520.579956
15-07-2020,3008.870117,97.724998,240.279999,1513.640015
16-07-2020,2999.899902,96.522499,240.929993,1518
17-07-2020,2961.969971,96.327499,242.029999,1515.550049
20-07-2020,3196.840088,98.357498,245.419998,1565.719971
21-07-2020,3138.290039,97,241.75,1558.420044
22-07-2020,3099.909912,97.272499,239.869995,1568.48999
23-07-2020,2986.550049,92.845001,232.600006,1515.680054
24-07-2020,3008.909912,92.614998,230.710007,1511.869995
27-07-2020,3055.209961,94.809998,233.5,1530.199951
28-07-2020,3000.330078,93.252502,230.119995,1500.339966
29-07-2020,3033.530029,95.040001,233.289993,1522.02002
30-07-2020,3051.879883,96.190002,234.5,1531.449951
31-07-2020,3164.679932,106.260002,253.669998,1482.959961
03-08-2020,3111.889893,108.9375,251.960007,1474.449951
04-08-2020,3138.830078,109.665001,249.830002,1464.969971
05-08-2020,3205.030029,110.0625,249.119995,1473.609985
06-08-2020,3225,113.902496,265.279999,1500.099976
07-08-2020,3167.459961,111.112503,268.440002,1494.48999
10-08-2020,3148.159912,112.727501,263,1496.099976
11-08-2020,3080.669922,109.375,256.130005,1480.319946
12-08-2020,3162.23999,113.010002,259.890015,1506.619995
13-08-2020,3161.02002,115.010002,261.299988,1518.449951
14-08-2020,3148.02002,114.907501,261.23999,1507.72998
17-08-2020,3182.409912,114.607498,261.160004,1517.97998
18-08-2020,3312.48999,115.5625,262.339996,1558.599976
19-08-2020,3260.47998,115.707497,262.589996,1547.530029
20-08-2020,3297.370117,118.275002,269.01001,1581.75
21-08-2020,3284.719971,124.370003,267.01001,1580.420044
24-08-2020,3307.459961,125.857498,271.390015,1588.199951
25-08-2020,3346.48999,124.824997,280.820007,1608.219971
26-08-2020,3441.850098,126.522499,303.910004,1652.380005
27-08-2020,3400,125.010002,293.220001,1634.329956
28-08-2020,3401.800049,124.807503,293.660004,1644.410034
31-08-2020,3450.959961,129.039993,293.200012,1634.180054
01-09-2020,3499.120117,134.179993,295.440002,1660.709961
02-09-2020,3531.449951,131.399994,302.5,1728.280029
03-09-2020,3368,120.879997,291.119995,1641.839966
04-09-2020,3294.620117,120.959999,282.730011,1591.040039
08-09-2020,3149.840088,112.82,271.160004,1532.390015
09-09-2020,3268.610107,117.32,273.720001,1556.959961
10-09-2020,3175.110107,113.489998,268.089996,1532.02002
11-09-2020,3116.219971,112,266.609985,1520.719971
14-09-2020,3102.969971,115.360001,266.149994,1519.280029
15-09-2020,3156.129883,115.540001,272.420013,1541.439941
16-09-2020,3078.100098,112.129997,263.519989,1520.900024
17-09-2020,3008.72998,110.339996,254.820007,1495.530029
18-09-2020,2954.909912,106.839996,252.529999,1459.98999
21-09-2020,2960.469971,110.080002,248.149994,1431.160034
22-09-2020,3128.98999,111.809998,254.75,1465.459961
23-09-2020,2999.860107,107.120003,249.020004,1415.209961
24-09-2020,3019.790039,108.220001,249.529999,1428.290039
25-09-2020,3095.129883,112.279999,254.820007,1444.959961
28-09-2020,3174.050049,114.959999,256.820007,1464.52002
29-09-2020,3144.879883,114.089996,261.790009,1469.329956
30-09-2020,3148.72998,115.809998,261.899994,1469.599976
01-10-2020,3221.26001,116.790001,266.630005,1490.089966
02-10-2020,3125,113.019997,259.940002,1458.420044
05-10-2020,3199.199951,116.5,264.649994,1486.02002
06-10-2020,3099.959961,113.160004,258.660004,1453.439941
07-10-2020,3195.689941,115.080002,258.119995,1460.290039
08-10-2020,3190.550049,114.970001,263.76001,1485.930054
09-10-2020,3286.649902,116.970001,264.450012,1515.219971
12-10-2020,3442.929932,124.400002,275.75,1569.150024
13-10-2020,3443.629883,121.099998,276.140015,1571.680054
14-10-2020,3363.709961,121.190002,271.820007,1568.079956
15-10-2020,3338.649902,120.709999,266.720001,1559.130005
16-10-2020,3272.709961,119.019997,265.929993,1573.01001
19-10-2020,3207.209961,115.980003,261.399994,1534.609985
20-10-2020,3217.01001,117.510002,267.559998,1555.930054
21-10-2020,3184.939941,116.870003,278.730011,1593.310059
22-10-2020,3176.399902,115.75,278.119995,1615.329956
23-10-2020,3204.399902,115.040001,284.790009,1641
26-10-2020,3207.040039,115.050003,277.109985,1590.449951
27-10-2020,3286.330078,116.599998,283.290009,1604.26001
28-10-2020,3162.780029,111.199997,267.670013,1516.619995
29-10-2020,3211.01001,115.32,280.829987,1567.23999
30-10-2020,3036.149902,108.860001,263.109985,1621.01001
02-11-2020,3004.47998,108.769997,261.359985,1626.030029
03-11-2020,3048.409912,110.440002,265.299988,1650.209961
04-11-2020,3241.159912,114.949997,287.380005,1749.130005
05-11-2020,3322,119.029999,294.679993,1763.369995
06-11-2020,3311.370117,118.690002,293.410004,1761.75
09-11-2020,3143.73999,116.32,278.769989,1763
10-11-2020,3035.02002,115.970001,272.429993,1740.390015
11-11-2020,3137.389893,119.489998,276.480011,1752.709961
12-11-2020,3110.280029,119.209999,275.079987,1749.839966
13-11-2020,3128.810059,119.260002,276.950012,1777.02002
16-11-2020,3131.060059,120.300003,278.959991,1781.380005
17-11-2020,3135.659912,119.389999,275,1770.150024
18-11-2020,3105.459961,118.029999,271.970001,1746.780029
19-11-2020,3117.02002,118.639999,272.940002,1763.920044
20-11-2020,3099.399902,117.339996,269.700012,1742.189941
23-11-2020,3098.389893,113.849998,268.429993,1734.859985
24-11-2020,3118.060059,115.169998,276.920013,1768.880005
25-11-2020,3185.070068,116.029999,275.589996,1771.430054
27-11-2020,3195.340088,116.589996,277.809998,1793.189941
30-11-2020,3168.040039,119.050003,276.970001,1760.73999
01-12-2020,3220.080078,122.720001,286.549988,1798.099976
02-12-2020,3203.530029,123.080002,287.519989,1827.949951
03-12-2020,3186.72998,122.940002,281.850006,1826.77002
04-12-2020,3162.580078,122.25,279.700012,1827.98999
07-12-2020,3158,123.75,285.579987,1819.47998
08-12-2020,3177.290039,124.379997,283.399994,1818.550049
09-12-2020,3104.199951,121.779999,277.920013,1784.130005
10-12-2020,3101.48999,123.239998,277.119995,1775.329956
11-12-2020,3116.419922,122.410004,273.549988,1781.77002
14-12-2020,3156.969971,121.779999,274.190002,1760.060059
15-12-2020,3165.120117,127.879997,275.549988,1767.77002
16-12-2020,3240.959961,127.809998,275.670013,1763
17-12-2020,3236.080078,128.699997,274.480011,1747.900024
18-12-2020,3201.649902,126.660004,276.399994,1731.01001
21-12-2020,3206.179932,128.229996,272.790009,1739.369995
22-12-2020,3206.52002,131.880005,267.089996,1723.5
23-12-2020,3185.27002,130.960007,268.109985,1732.380005
24-12-2020,3172.689941,131.970001,267.399994,1738.849976
28-12-2020,3283.959961,136.690002,277,1776.089966
29-12-2020,3322,134.869995,276.779999,1758.719971
30-12-2020,3285.850098,133.720001,271.869995,1739.52002
31-12-2020,3256.929932,132.690002,273.160004,1751.880005
04-01-2021,3186.629883,129.410004,268.940002,1728.23999
05-01-2021,3218.51001,131.009995,270.970001,1740.920044
06-01-2021,3138.379883,126.599998,263.309998,1735.290039
07-01-2021,3162.159912,130.919998,268.73999,1787.25
08-01-2021,3182.699951,132.050003,267.570007,1807.209961
11-01-2021,3114.209961,128.979996,256.839996,1766.719971
12-01-2021,3120.830078,128.800003,251.089996,1746.550049
13-01-2021,3165.889893,130.889999,251.639999,1754.400024
14-01-2021,3127.469971,128.910004,245.639999,1740.180054
15-01-2021,3104.25,127.139999,251.360001,1736.189941
19-01-2021,3120.76001,127.830002,261.100006,1790.859985
20-01-2021,3263.379883,132.029999,267.480011,1886.900024
21-01-2021,3306.98999,136.869995,272.869995,1891.25
22-01-2021,3292.22998,139.070007,274.5,1901.050049
25-01-2021,3294,142.919998,278.01001,1899.400024
26-01-2021,3326.129883,143.160004,282.049988,1917.23999
27-01-2021,3232.580078,142.059998,272.140015,1830.790039
28-01-2021,3237.620117,137.089996,265,1863.109985
29-01-2021,3206.199951,131.960007,258.329987,1835.73999
01-02-2021,3342.879883,134.139999,262.01001,1901.349976
02-02-2021,3380,134.990005,267.079987,1927.51001
03-02-2021,3312.530029,133.940002,266.649994,2070.070068
04-02-2021,3331,137.389999,266.48999,2062.370117
05-02-2021,3352.149902,136.759995,268.100006,2098
08-02-2021,3322.939941,136.910004,266.579987,2092.909912
09-02-2021,3305,136.009995,269.450012,2083.51001
10-02-2021,3286.580078,135.389999,271.869995,2095.379883
11-02-2021,3262.129883,135.130005,270.390015,2095.889893
12-02-2021,3277.709961,135.369995,270.5,2104.110107
16-02-2021,3268.949951,133.190002,273.970001,2121.899902
17-02-2021,3308.639893,130.839996,273.570007,2128.310059
18-02-2021,3328.22998,129.710007,269.390015,2117.199951
19-02-2021,3249.899902,129.869995,261.559998,2101.139893
22-02-2021,3180.73999,126,260.329987,2064.879883
23-02-2021,3194.5,125.860001,265.859985,2070.860107
24-02-2021,3159.530029,125.349998,264.309998,2095.169922
25-02-2021,3057.159912,120.989998,254.690002,2031.359985
26-02-2021,3092.929932,121.260002,257.619995,2036.859985
01-03-2021,3146.139893,127.790001,264.910004,2081.51001
02-03-2021,3094.530029,125.120003,259,2075.840088
03-03-2021,3005,122.059998,255.410004,2026.709961
04-03-2021,2977.570068,120.129997,257.640015,2049.090088
05-03-2021,3000.459961,121.419998,264.279999,2108.540039
08-03-2021,2951.949951,116.360001,255.309998,2024.170044
09-03-2021,3062.850098,121.089996,265.73999,2052.699951
10-03-2021,3057.639893,119.980003,264.899994,2055.030029
11-03-2021,3113.590088,121.959999,273.880005,2114.77002
12-03-2021,3089.48999,121.029999,268.399994,2061.919922
15-03-2021,3081.679932,123.989998,273.75,2066.48999
16-03-2021,3091.860107,125.57,279.279999,2092.52002
17-03-2021,3135.72998,124.760002,284.01001,2091.080078
18-03-2021,3027.98999,120.529999,278.619995,2036.219971
19-03-2021,3074.959961,119.989998,290.109985,2043.199951
22-03-2021,3110.870117,123.389999,293.540009,2038.589966
23-03-2021,3137.5,122.540001,290.630005,2052.959961
24-03-2021,3087.070068,120.089996,282.140015,2045.060059
25-03-2021,3046.26001,120.589996,278.73999,2044.359985
26-03-2021,3052.030029,121.209999,283.019989,2035.550049
29-03-2021,3075.72998,121.389999,290.820007,2055.949951
30-03-2021,3055.290039,119.900002,288,2055.540039
31-03-2021,3094.080078,122.150002,294.529999,2068.629883
01-04-2021,3161,123,298.660004,2137.75
05-04-2021,3226.72998,125.900002,308.910004,2225.550049
06-04-2021,3223.820068,126.209999,306.26001,2224.75
07-04-2021,3279.389893,127.900002,313.089996,2249.679932
08-04-2021,3299.300049,130.360001,313.019989,2265.439941
09-04-2021,3372.199951,133,312.459991,2285.879883
12-04-2021,3379.389893,131.240005,311.540009,2254.790039
13-04-2021,3400,134.429993,309.76001,2267.27002
14-04-2021,3333,132.029999,302.820007,2254.840088
15-04-2021,3379.090088,134.5,307.820007,2296.659912
16-04-2021,3399.439941,134.160004,306.179993,2297.76001
19-04-2021,3372.01001,134.839996,302.23999,2302.399902
20-04-2021,3334.689941,133.110001,302.649994,2293.629883
21-04-2021,3362.02002,133.5,301.470001,2293.290039
22-04-2021,3309.040039,131.940002,296.519989,2267.919922
23-04-2021,3340.879883,134.320007,301.130005,2315.300049
26-04-2021,3409,134.720001,303.040009,2326.73999
27-04-2021,3417.429932,134.389999,303.570007,2307.120117
28-04-2021,3458.5,133.580002,307.100006,2379.909912
29-04-2021,3471.310059,133.479996,329.51001,2429.889893
30-04-2021,3467.419922,131.460007,325.079987,2410.120117
03-05-2021,3386.48999,132.539993,322.579987,2395.169922
04-05-2021,3311.870117,127.849998,318.359985,2354.25
05-05-2021,3270.540039,128.100006,315.019989,2356.73999
06-05-2021,3306.370117,129.740005,320.019989,2381.350098
07-05-2021,3291.610107,130.210007,319.079987,2398.689941
10-05-2021,3190.48999,126.849998,305.970001,2341.659912
11-05-2021,3223.909912,125.910004,306.529999,2308.76001
12-05-2021,3151.939941,122.769997,302.549988,2239.080078
13-05-2021,3161.469971,124.970001,305.26001,2261.969971
14-05-2021,3222.899902,127.449997,315.940002,2316.159912
17-05-2021,3270.389893,126.269997,315.459991,2321.409912
18-05-2021,3232.280029,124.849998,309.959991,2303.429932
19-05-2021,3231.800049,124.690002,313.589996,2308.709961
20-05-2021,3247.679932,127.309998,318.609985,2356.090088
21-05-2021,3203.080078,125.43,316.230011,2345.100098
24-05-2021,3244.98999,127.099998,324.630005,2406.669922
25-05-2021,3259.050049,126.900002,327.790009,2409.070068
26-05-2021,3265.159912,126.849998,327.660004,2433.530029
27-05-2021,3230.110107,125.279999,332.75,2402.51001
28-05-2021,3223.070068,124.610001,328.730011,2411.560059
01-06-2021,3218.649902,124.279999,329.130005,2429.810059
02-06-2021,3233.98999,125.059998,329.149994,2421.280029
03-06-2021,3187.01001,123.540001,326.040009,2404.610107
04-06-2021,3206.219971,125.889999,330.350006,2451.76001
07-06-2021,3198.01001,125.900002,336.579987,2466.090088
08-06-2021,3264.110107,126.739998,333.679993,2482.850098
09-06-2021,3281.149902,127.129997,330.25,2491.399902
10-06-2021,3349.649902,126.110001,332.459991,2521.600098
11-06-2021,3346.830078,127.349998,331.26001,2513.929932
14-06-2021,3383.870117,130.479996,336.769989,2527.040039
15-06-2021,3383.129883,129.639999,336.75,2520.659912
16-06-2021,3415.25,130.149994,331.079987,2513.929932
17-06-2021,3489.23999,131.789993,336.51001,2527.419922
18-06-2021,3486.899902,130.460007,329.660004,2511.350098
21-06-2021,3453.959961,132.300003,332.290009,2529.100098
22-06-2021,3505.439941,133.979996,339.029999,2539.98999
23-06-2021,3503.820068,133.699997,340.589996,2529.22998
24-06-2021,3449.080078,133.410004,343.179993,2545.639893
25-06-2021,3401.459961,133.110001,341.369995,2539.899902
28-06-2021,3443.889893,134.779999,355.640015,2536.389893
29-06-2021,3448.139893,136.330002,351.890015,2520.370117
30-06-2021,3440.159912,136.960007,347.709991,2506.320068
01-07-2021,3432.969971,137.270004,354.390015,2527.370117
02-07-2021,3510.97998,139.960007,354.700012,2574.379883
06-07-2021,3675.73999,142.020004,352.779999,2595.419922
07-07-2021,3696.580078,144.570007,350.48999,2601.550049
08-07-2021,3731.409912,143.240005,345.649994,2583.540039
09-07-2021,3719.340088,145.110001,350.420013,2591.48999
12-07-2021,3718.550049,144.5,353.160004,2611.280029
13-07-2021,3677.360107,145.639999,352.089996,2619.889893
14-07-2021,3681.679932,149.149994,347.630005,2641.649902
15-07-2021,3631.199951,148.479996,344.459991,2625.330078
16-07-2021,3573.629883,146.389999,341.160004,2636.909912
19-07-2021,3549.590088,142.449997,336.950012,2585.080078
20-07-2021,3573.189941,146.149994,341.660004,2622.030029
21-07-2021,3585.199951,145.399994,346.230011,2652.01001
22-07-2021,3638.030029,146.800003,351.190002,2666.570068
23-07-2021,3656.639893,148.559998,369.790009,2756.320068
26-07-2021,3699.820068,148.990005,372.459991,2792.889893
27-07-2021,3626.389893,146.770004,367.809998,2735.929932
28-07-2021,3630.320068,144.979996,373.279999,2727.629883
29-07-2021,3599.919922,145.639999,358.320007,2730.810059
30-07-2021,3327.590088,145.860001,356.299988,2704.419922
02-08-2021,3331.47998,145.520004,351.950012,2719.790039
03-08-2021,3366.23999,147.360001,351.23999,2725.600098
04-08-2021,3354.719971,146.949997,358.920013,2720.570068
05-08-2021,3375.98999,147.059998,362.970001,2738.800049
06-08-2021,3344.939941,146.139999,363.51001,2740.719971
09-08-2021,3341.870117,146.089996,361.609985,2760.040039
10-08-2021,3320.679932,145.600006,361.130005,2761.929932
11-08-2021,3292.110107,145.860001,359.959991,2753.790039
12-08-2021,3303.5,148.889999,362.649994,2767.790039
13-08-2021,3293.969971,149.100006,363.179993,2768.120117
16-08-2021,3298.98999,151.119995,366.559998,2778.320068
17-08-2021,3241.959961,150.190002,358.450012,2746.01001
18-08-2021,3201.219971,146.360001,355.450012,2731.399902
19-08-2021,3187.75,146.699997,355.119995,2738.27002
20-08-2021,3199.949951,148.190002,359.369995,2768.73999
23-08-2021,3265.870117,149.710007,363.350006,2821.98999
24-08-2021,3305.780029,149.619995,365.51001,2847.969971
25-08-2021,3299.179932,148.360001,368.390015,2859
26-08-2021,3316,147.539993,364.380005,2842.459961
27-08-2021,3349.629883,148.600006,372.630005,2891.01001
30-08-2021,3421.570068,153.119995,380.660004,2909.389893
31-08-2021,3470.790039,151.830002,379.380005,2909.23999
01-09-2021,3479,152.509995,382.049988,2916.840088
02-09-2021,3463.120117,153.649994,375.279999,2884.379883
03-09-2021,3478.050049,154.300003,376.26001,2895.5
07-09-2021,3509.290039,156.690002,382.179993,2910.379883
08-09-2021,3525.5,155.110001,377.570007,2897.669922
09-09-2021,3484.159912,154.070007,378,2898.27002
10-09-2021,3469.149902,148.970001,378.690002,2838.419922
13-09-2021,3457.169922,149.550003,376.51001,2869.300049
14-09-2021,3450,148.119995,376.529999,2868.120117
15-09-2021,3475.790039,149.029999,373.920013,2904.120117
16-09-2021,3488.23999,148.789993,373.059998,2887.469971
17-09-2021,3462.52002,146.059998,364.720001,2829.27002
20-09-2021,3355.72998,142.940002,355.700012,2780.340088
21-09-2021,3343.629883,143.429993,357.480011,2792.929932
22-09-2021,3380.050049,145.850006,343.209991,2818.77002
23-09-2021,3416,146.830002,345.959991,2836.530029
24-09-2021,3425.52002,146.919998,352.959991,2852.659912
27-09-2021,3405.800049,145.369995,353.579987,2830.02002
28-09-2021,3315.959961,141.910004,340.649994,2723.679932
29-09-2021,3301.120117,142.830002,339.609985,2690.419922
30-09-2021,3285.040039,141.5,339.390015,2665.310059
01-10-2021,3283.26001,142.649994,343.01001,2729.25
04-10-2021,3189.780029,139.139999,326.230011,2675.300049
05-10-2021,3221,141.110001,332.959991,2723.540039
06-10-2021,3262.01001,142,333.640015,2747.080078
07-10-2021,3302.429932,143.289993,329.220001,2783.709961
08-10-2021,3288.620117,142.899994,330.049988,2801.120117
11-10-2021,3246.300049,142.809998,325.450012,2776.949951
12-10-2021,3247.330078,141.509995,323.769989,2734.26001
13-10-2021,3284.280029,140.910004,324.540009,2758
14-10-2021,3299.860107,143.759995,328.529999,2828.23999
15-10-2021,3409.02002,144.839996,324.76001,2833.5
18-10-2021,3446.73999,146.550003,335.339996,2859.209961
19-10-2021,3444.149902,148.759995,339.98999,2876.439941
20-10-2021,3415.060059,149.259995,340.779999,2848.300049
21-10-2021,3435.01001,149.479996,341.880005,2855.610107
22-10-2021,3335.550049,148.690002,324.609985,2772.5
25-10-2021,3320.370117,148.639999,328.690002,2775.459961
26-10-2021,3376.070068,149.320007,315.809998,2793.439941
27-10-2021,3392.48999,148.850006,312.220001,2928.550049
28-10-2021,3446.570068,152.570007,316.920013,2922.580078
29-10-2021,3372.429932,149.800003,323.570007,2965.409912
01-11-2021,3318.110107,148.960007,329.980011,2875.47998
02-11-2021,3312.75,150.020004,328.079987,2917.26001
03-11-2021,3384,151.490005,331.619995,2935.800049
04-11-2021,3477,150.960007,335.850006,2973.659912
05-11-2021,3518.98999,151.279999,341.130005,2984.820068
08-11-2021,3488.97998,150.440002,338.619995,2987.030029
09-11-2021,3576.22998,150.809998,335.369995,2984.969971
10-11-2021,3482.050049,147.919998,327.640015,2932.52002
11-11-2021,3472.5,147.869995,327.73999,2934.959961
12-11-2021,3525.149902,149.990005,340.890015,2992.909912
15-11-2021,3545.679932,150,347.559998,2987.76001
16-11-2021,3540.699951,151,342.959991,2981.52002
17-11-2021,3549,153.490005,340.769989,2981.23999
18-11-2021,3696.060059,157.869995,338.690002,3014.179932
19-11-2021,3676.570068,160.550003,345.299988,2999.050049
22-11-2021,3572.570068,161.020004,341.01001,2941.570068
23-11-2021,3580.040039,161.410004,337.25,2935.139893
24-11-2021,3580.409912,161.940002,341.059998,2934.350098
26-11-2021,3504.560059,156.809998,333.119995,2856.120117
29-11-2021,3561.570068,160.240005,338.029999,2922.280029
30-11-2021,3507.070068,165.300003,324.459991,2849.040039
01-12-2021,3443.719971,164.770004,310.600006,2832.360107
02-12-2021,3437.360107,163.759995,310.390015,2875.530029
03-12-2021,3389.790039,161.839996,306.839996,2850.409912
06-12-2021,3427.370117,165.320007,317.869995,2875.929932
07-12-2021,3523.290039,171.179993,322.809998,2960.72998
08-12-2021,3523.159912,175.080002,330.559998,2974.409912
09-12-2021,3483.419922,174.559998,329.820007,2962.120117
10-12-2021,3444.23999,179.449997,329.75,2973.5
13-12-2021,3391.350098,175.740005,334.48999,2934.090088
14-12-2021,3381.830078,174.330002,333.73999,2899.409912
15-12-2021,3466.300049,179.300003,341.660004,2947.370117
16-12-2021,3377.419922,172.259995,334.899994,2896.77002
17-12-2021,3400.350098,171.139999,333.790009,2856.060059
20-12-2021,3341.580078,169.75,325.450012,2848.030029
21-12-2021,3408.340088,172.990005,334.200012,2884.409912
22-12-2021,3420.73999,175.639999,330.450012,2938.97998
23-12-2021,3421.370117,176.279999,335.23999,2942.850098
27-12-2021,3393.389893,180.330002,346.179993,2961.280029
28-12-2021,3413.219971,179.289993,346.220001,2928.959961
29-12-2021,3384.02002,179.380005,342.940002,2930.090088
